url,publisher,doc_type,scheme,question_types,freshness_limit_days,role,fetched_at
https://www.hdfcfund.com/explore/mutual-funds/hdfc-large-cap-fund/direct,HDFC MF,scheme_page,HDFC Large Cap Fund Direct Growth,expense_ratio;exit_load;min_sip;riskometer;benchmark;nav;aum;fund_managers,7,ingest,2026-10-02
https://www.hdfcfund.com/explore/mutual-funds/hdfc-flexi-cap-fund/direct,HDFC MF,scheme_page,HDFC Flexi Cap Fund Direct Growth,expense_ratio;exit_load;min_sip;riskometer;benchmark;nav;aum;fund_managers,7,ingest,2026-10-02
https://www.hdfcfund.com/explore/mutual-funds/hdfc-elss-tax-saver-fund/direct,HDFC MF,scheme_page,HDFC ELSS Tax Saver Fund Direct Growth,expense_ratio;exit_load;min_sip;lock_in;riskometer;benchmark;nav;aum;fund_managers,7,ingest,2026-10-02
https://www.hdfcfund.com/explore/mutual-funds/hdfc-small-cap-fund/direct,HDFC MF,scheme_page,HDFC Small Cap Fund Direct Growth,expense_ratio;exit_load;min_sip;riskometer;benchmark;nav;aum;fund_managers,7,ingest,2026-10-02
https://www.hdfcfund.com/explore/mutual-funds/hdfc-balanced-advantage-fund/direct,HDFC MF,scheme_page,HDFC Balanced Advantage Fund Direct Growth,expense_ratio;exit_load;min_sip;riskometer;benchmark;nav;aum;fund_managers,7,ingest,2026-10-02
"https://files.hdfcfund.com/s3fs-public/KIM/2025-05/KIM%20-%20HDFC%20Large%20Cap%20Fund%20dated%20May%2030,%202025.pdf",HDFC MF,kim,HDFC Large Cap Fund Direct Growth,exit_load;min_sip;riskometer;benchmark,180,ingest,2026-10-02
"https://files.hdfcfund.com/s3fs-public/KIM/2025-11/KIM%20-%20HDFC%20Flexi%20Cap%20Fund%20dated%20November%2021,%202025_1.pdf",HDFC MF,kim,HDFC Flexi Cap Fund Direct Growth,exit_load;min_sip;riskometer;benchmark,180,ingest,2026-10-02
"https://files.hdfcfund.com/s3fs-public/KIM/2024-06/KIM%20-%20HDFC%20ELSS%20Tax%20saver%20dated%20June%2028,%202024.pdf",HDFC MF,kim,HDFC ELSS Tax Saver Fund Direct Growth,exit_load;min_sip;lock_in;riskometer;benchmark,180,ingest,2026-10-02
"https://files.hdfcfund.com/s3fs-public/KIM/2024-11/KIM%20-%20HDFC%20Small%20Cap%20Fund%20dated%20November%2021,%202024.pdf",HDFC MF,kim,HDFC Small Cap Fund Direct Growth,exit_load;min_sip;riskometer;benchmark,180,ingest,2026-10-02
"https://files.hdfcfund.com/s3fs-public/KIM/2024-06/KIM%20-%20HDFC%20Balanced%20Advantage%20Fund%20dated%20June%2028,%202024.pdf",HDFC MF,kim,HDFC Balanced Advantage Fund Direct Growth,exit_load;min_sip;riskometer;benchmark,180,ingest,2026-10-02
https://files.hdfcfund.com/s3fs-public/2026-09/HDFC%20MF%20Factsheet%20-%20August%202026.pdf,HDFC MF,factsheet,ALL,expense_ratio;riskometer;benchmark;nav;aum;fund_managers;holdings,35,ingest,2026-10-02
https://files.hdfcfund.com/s3fs-public/ter/HDFCMF_SCHEMES_TER_30-09-2026.xls,HDFC MF,ter,ALL,expense_ratio,7,ingest,2026-10-02
https://www.hdfcfund.com/investor-services/request-statement,HDFC MF,statement_guide,ALL,statement,365,ingest,2026-10-02
https://www.hdfcfund.com/learners-corner/beginner/how-get-capital-gain-statement-mutual-fund-schemes-india,HDFC MF,statement_guide,ALL,statement,365,ingest,2026-10-02
https://www.sebi.gov.in/sebi_data/attachdocs/oct-2020/1602580413614.pdf,SEBI,riskometer,ALL,riskometer,365,ingest,2026-10-02
https://www.sebi.gov.in/sebi_data/faqfiles/sep-2024/1727242783639.pdf,SEBI,education,ALL,expense_ratio;exit_load;riskometer;benchmark;statement,365,ingest,2026-10-02
https://investor.sebi.gov.in/Investor-charter.html,SEBI,education,ALL,statement,365,ingest,2026-10-02
https://www.amfiindia.com/investor,AMFI,education,ALL,expense_ratio,365,ingest,2026-10-02
https://www.mutualfundssahihai.com/en/elss-fund-tax-saving-mutual-fund,AMFI (Mutual Funds Sahi Hai),education,ALL,lock_in,365,ingest,2026-10-02
https://www.mutualfundssahihai.com/en/what-is-lock-in-period,AMFI (Mutual Funds Sahi Hai),education,ALL,lock_in,365,ingest,2026-10-02
https://www.mutualfundssahihai.com/en/what-is-sip,AMFI (Mutual Funds Sahi Hai),education,ALL,min_sip,365,ingest,2026-10-02
https://www.mutualfundssahihai.com/en/what-are-loads,AMFI (Mutual Funds Sahi Hai),education,ALL,exit_load,365,ingest,2026-10-02
https://www.mutualfundssahihai.com/en/how-riskometer-scheme-derived,AMFI (Mutual Funds Sahi Hai),education,ALL,riskometer,365,ingest,2026-10-02
https://www.mutualfundssahihai.com/en/what-direct-plan-regular-plan,AMFI (Mutual Funds Sahi Hai),education,ALL,expense_ratio,365,ingest,2026-10-02
https://groww.in/help/mutual-funds,Groww,help,ALL,pii_block,,help,2026-10-02
https://groww.in/help,Groww,help,ALL,non_mf_redirect,,help,2026-10-02
